{
  "qwen": {
    "multistage": {
      "distractor-nearobj1-high": {
        "n": 123,
        "faa": 0.7804878048780488,
        "rsa": 0.008130081300813009,
        "brr": 1.0,
        "afr": 0.0,
        "rr": 0.0
      },
      "distractor-nearobj1-low": {
        "n": 123,
        "faa": 0.7967479674796748,
        "rsa": 0.0,
        "brr": 1.0,
        "afr": 0.0,
        "rr": 0.0
      },
      "distractor-nearobj1-medium": {
        "n": 123,
        "faa": 0.7967479674796748,
        "rsa": 0.016260162601626018,
        "brr": 1.0,
        "afr": 0.0,
        "rr": 0.0
      },
      "distractor-nearobj2-high": {
        "n": 123,
        "faa": 0.8130081300813008,
        "rsa": 0.016260162601626018,
        "brr": 1.0,
        "afr": 0.0,
        "rr": 0.0
      },
      "distractor-nearobj2-low": {
        "n": 123,
        "faa": 0.8048780487804879,
        "rsa": 0.008130081300813009,
        "brr": 1.0,
        "afr": 0.0,
        "rr": 0.0
      },
      "distractor-nearobj2-medium": {
        "n": 123,
        "faa": 0.7886178861788617,
        "rsa": 0.0,
        "brr": 1.0,
        "afr": 0.0,
        "rr": 0.0
      },
      "mask-union-high": {
        "n": 123,
        "faa": 0.6585365853658537,
        "rsa": 0.0,
        "brr": 1.0,
        "afr": 0.0,
        "rr": 0.0
      },
      "mask-union-low": {
        "n": 123,
        "faa": 0.8048780487804879,
        "rsa": 0.008130081300813009,
        "brr": 1.0,
        "afr": 0.0,
        "rr": 0.0
      },
      "mask-union-medium": {
        "n": 123,
        "faa": 0.7560975609756098,
        "rsa": 0.008130081300813009,
        "brr": 1.0,
        "afr": 0.0,
        "rr": 0.0
      },
      "occlusion-obj1-high": {
        "n": 123,
        "faa": 0.7723577235772358,
        "rsa": 0.008130081300813009,
        "brr": 1.0,
        "afr": 0.0,
        "rr": 0.0
      },
      "occlusion-obj1-low": {
        "n": 123,
        "faa": 0.7886178861788617,
        "rsa": 0.008130081300813009,
        "brr": 1.0,
        "afr": 0.0,
        "rr": 0.0
      },
      "occlusion-obj1-medium": {
        "n": 123,
        "faa": 0.7479674796747967,
        "rsa": 0.016260162601626018,
        "brr": 1.0,
        "afr": 0.0,
        "rr": 0.0
      },
      "occlusion-obj2-high": {
        "n": 123,
        "faa": 0.8536585365853658,
        "rsa": 0.008130081300813009,
        "brr": 1.0,
        "afr": 0.0,
        "rr": 0.0
      },
      "occlusion-obj2-low": {
        "n": 123,
        "faa": 0.8130081300813008,
        "rsa": 0.008130081300813009,
        "brr": 1.0,
        "afr": 0.0,
        "rr": 0.0
      },
      "occlusion-obj2-medium": {
        "n": 123,
        "faa": 0.8048780487804879,
        "rsa": 0.008130081300813009,
        "brr": 1.0,
        "afr": 0.0,
        "rr": 0.0
      }
    },
    "textual": {
      "distractor-nearobj1-high": {
        "n": 123,
        "faa": 0.7479674796747967,
        "rsa": null,
        "brr": null,
        "afr": null,
        "rr": null
      },
      "distractor-nearobj1-low": {
        "n": 123,
        "faa": 0.7723577235772358,
        "rsa": null,
        "brr": null,
        "afr": null,
        "rr": null
      },
      "distractor-nearobj1-medium": {
        "n": 123,
        "faa": 0.7317073170731707,
        "rsa": null,
        "brr": null,
        "afr": null,
        "rr": null
      },
      "distractor-nearobj2-high": {
        "n": 123,
        "faa": 0.7886178861788617,
        "rsa": null,
        "brr": null,
        "afr": null,
        "rr": null
      },
      "distractor-nearobj2-low": {
        "n": 123,
        "faa": 0.7886178861788617,
        "rsa": null,
        "brr": null,
        "afr": null,
        "rr": null
      },
      "distractor-nearobj2-medium": {
        "n": 123,
        "faa": 0.7642276422764228,
        "rsa": null,
        "brr": null,
        "afr": null,
        "rr": null
      },
      "mask-union-high": {
        "n": 123,
        "faa": 0.6829268292682927,
        "rsa": null,
        "brr": null,
        "afr": null,
        "rr": null
      },
      "mask-union-low": {
        "n": 123,
        "faa": 0.7723577235772358,
        "rsa": null,
        "brr": null,
        "afr": null,
        "rr": null
      },
      "mask-union-medium": {
        "n": 123,
        "faa": 0.7398373983739838,
        "rsa": null,
        "brr": null,
        "afr": null,
        "rr": null
      },
      "occlusion-obj1-high": {
        "n": 123,
        "faa": 0.7154471544715447,
        "rsa": null,
        "brr": null,
        "afr": null,
        "rr": null
      },
      "occlusion-obj1-low": {
        "n": 123,
        "faa": 0.7479674796747967,
        "rsa": null,
        "brr": null,
        "afr": null,
        "rr": null
      },
      "occlusion-obj1-medium": {
        "n": 123,
        "faa": 0.7073170731707317,
        "rsa": null,
        "brr": null,
        "afr": null,
        "rr": null
      },
      "occlusion-obj2-high": {
        "n": 123,
        "faa": 0.7642276422764228,
        "rsa": null,
        "brr": null,
        "afr": null,
        "rr": null
      },
      "occlusion-obj2-low": {
        "n": 123,
        "faa": 0.8048780487804879,
        "rsa": null,
        "brr": null,
        "afr": null,
        "rr": null
      },
      "occlusion-obj2-medium": {
        "n": 123,
        "faa": 0.8130081300813008,
        "rsa": null,
        "brr": null,
        "afr": null,
        "rr": null
      }
    },
    "verification": {
      "distractor-nearobj1-high": {
        "n": 123,
        "faa": 0.7479674796747967,
        "rsa": 0.008130081300813009,
        "brr": 0.13008130081300814,
        "afr": 0.21951219512195122,
        "rr": 0.42857142857142855
      },
      "distractor-nearobj1-low": {
        "n": 123,
        "faa": 0.8048780487804879,
        "rsa": 0.008130081300813009,
        "brr": 0.1951219512195122,
        "afr": 0.12195121951219512,
        "rr": 0.3333333333333333
      },
      "distractor-nearobj1-medium": {
        "n": 123,
        "faa": 0.7804878048780488,
        "rsa": 0.00819672131147541,
        "brr": 0.17073170731707318,
        "afr": 0.21138211382113822,
        "rr": 0.4827586206896552
      },
      "distractor-nearobj2-high": {
        "n": 123,
        "faa": 0.6991869918699187,
        "rsa": 0.008130081300813009,
        "brr": 0.16260162601626016,
        "afr": 0.22764227642276422,
        "rr": 0.32
      },
      "distractor-nearobj2-low": {
        "n": 123,
        "faa": 0.7560975609756098,
        "rsa": 0.008130081300813009,
        "brr": 0.14634146341463414,
        "afr": 0.1951219512195122,
        "rr": 0.375
      },
      "distractor-nearobj2-medium": {
        "n": 123,
        "faa": 0.6991869918699187,
        "rsa": 0.008130081300813009,
        "brr": 0.14634146341463414,
        "afr": 0.2601626016260163,
        "rr": 0.41379310344827586
      },
      "mask-union-high": {
        "n": 123,
        "faa": 0.5772357723577236,
        "rsa": 0.032520325203252036,
        "brr": 0.13008130081300814,
        "afr": 0.18699186991869918,
        "rr": 0.14634146341463414
      },
      "mask-union-low": {
        "n": 123,
        "faa": 0.7154471544715447,
        "rsa": 0.008130081300813009,
        "brr": 0.2601626016260163,
        "afr": 0.16260162601626016,
        "rr": 0.2
      },
      "mask-union-medium": {
        "n": 123,
        "faa": 0.6910569105691057,
        "rsa": 0.0,
        "brr": 0.17073170731707318,
        "afr": 0.2032520325203252,
        "rr": 0.30303030303030304
      },
      "occlusion-obj1-high": {
        "n": 123,
        "faa": 0.7235772357723578,
        "rsa": 0.008130081300813009,
        "brr": 0.23577235772357724,
        "afr": 0.21951219512195122,
        "rr": 0.4
      },
      "occlusion-obj1-low": {
        "n": 123,
        "faa": 0.7317073170731707,
        "rsa": 0.008130081300813009,
        "brr": 0.23577235772357724,